{"fw_head_l2": [{"backbone": {"accuracy": [0.3459334671497345, 0.4962049722671509, 0.5640356540679932, 0.6133861541748047, 0.6449164748191833], "loss": [1.7789586782455444, 1.3945049047470093, 1.2173223495483398, 1.096772313117981, 0.9995183348655701], "val_accuracy": [0.47561049461364746, 0.5803083777427673, 0.625547468662262, 0.6536869406700134, 0.6778064370155334], "val_loss": [1.458457350730896, 1.191864252090454, 1.0515573024749756, 0.9641280174255371, 0.9012339115142822]}, "fw_head": {"accuracy": [0.6275462508201599, 0.6559865474700928, 0.6571865677833557, 0.6585965752601624, 0.6572765707969666], "loss": [1.1995351314544678, 1.11170494556427, 1.1110986471176147, 1.1127126216888428, 1.1088013648986816], "val_accuracy": [0.6706066131591797, 0.6765464544296265, 0.676786482334137, 0.6749265193939209, 0.6782864332199097], "val_loss": [1.067872166633606, 1.057246446609497, 1.0607454776763916, 1.061801791191101, 1.0594528913497925]}}, {"backbone": {"accuracy": [0.3690936863422394, 0.5161851644515991, 0.5841358304023743, 0.6313263177871704, 0.6606966257095337], "loss": [1.7248904705047607, 1.3470474481582642, 1.170360803604126, 1.0388602018356323, 0.9536222815513611], "val_accuracy": [0.48845022916793823, 0.581028401851654, 0.6372472643852234, 0.662266731262207, 0.6830863356590271], "val_loss": [1.4235985279083252, 1.1744087934494019, 1.0157053470611572, 0.9525896310806274, 0.9036993384361267]}, "fw_head": {"accuracy": [0.6435664296150208, 0.6752767562866211, 0.6725467443466187, 0.6746167540550232, 0.6737467646598816], "loss": [1.153612732887268, 1.0668443441390991, 1.0700763463974, 1.0677566528320312, 1.0684844255447388], "val_accuracy": [0.6862062811851501, 0.6884862184524536, 0.6895661950111389, 0.6886662244796753, 0.688126266002655], "val_loss": [1.0407506227493286, 1.0315295457839966, 1.0309842824935913, 1.032222032546997, 1.031959056854248]}}, {"backbone": {"accuracy": [0.34172317385673523, 0.49130016565322876, 0.5647087097167969, 0.6077278256416321, 0.6427971720695496], "loss": [1.7910284996032715, 1.4064440727233887, 1.2197543382644653, 1.1088086366653442, 1.0140557289123535], "val_accuracy": [0.4633385241031647, 0.5612624287605286, 0.613644540309906, 0.6410656571388245, 0.6821672916412354], "val_loss": [1.4687155485153198, 1.2200812101364136, 1.085900068283081, 1.0085511207580566, 0.9091126322746277]}, "fw_head": {"accuracy": [0.6275874376296997, 0.6532069444656372, 0.654046893119812, 0.659656822681427, 0.654046893119812], "loss": [1.2186033725738525, 1.1438058614730835, 1.1448113918304443, 1.1394920349121094, 1.1423304080963135], "val_accuracy": [0.6755670309066772, 0.6759270429611206, 0.6748470067977905, 0.6756270527839661, 0.6738269329071045], "val_loss": [1.1013156175613403, 1.1014082431793213, 1.097080945968628, 1.096858263015747, 1.0984538793563843]}}]}