{"adam": {"accuracy": [0.848360002040863, 0.9045000076293945, 0.9172599911689758, 0.9254599809646606, 0.9302999973297119, 0.934660017490387, 0.9391400218009949, 0.9411200284957886, 0.9440199732780457, 0.947380006313324], "loss": [0.44881534576416016, 0.2776486277580261, 0.2380182296037674, 0.21708425879478455, 0.20042668282985687, 0.18735310435295105, 0.17756310105323792, 0.16941767930984497, 0.1597910374403, 0.15336193144321442], "val_accuracy": [0.8902999758720398, 0.8971999883651733, 0.9041000008583069, 0.9017000198364258, 0.909500002861023, 0.906000018119812, 0.9078999757766724, 0.9117000102996826, 0.9103000164031982, 0.9103000164031982], "val_loss": [0.3179767429828644, 0.29347869753837585, 0.2849518358707428, 0.2917853593826294, 0.2659864127635956, 0.28110381960868835, 0.2690950334072113, 0.26586225628852844, 0.2724505364894867, 0.2776987552642822]}, "fw_l2": {"accuracy": [0.7499799728393555, 0.8760600090026855, 0.8837800025939941, 0.8876799941062927, 0.8892800211906433, 0.8897200226783752, 0.8909000158309937, 0.89055997133255, 0.8902400135993958, 0.8912400007247925], "loss": [1.7705579996109009, 0.43572065234184265, 0.4135335683822632, 0.405374675989151, 0.40082046389579773, 0.3986535668373108, 0.3965083956718445, 0.39617255330085754, 0.39528289437294006, 0.3947575092315674], "val_accuracy": [0.8445000052452087, 0.8766999840736389, 0.8809000253677368, 0.8823999762535095, 0.882099986076355, 0.8809000253677368, 0.8831999897956848, 0.8834999799728394, 0.882099986076355, 0.8828999996185303], "val_loss": [0.5036746859550476, 0.4325515031814575, 0.42228734493255615, 0.4180876910686493, 0.41757792234420776, 0.4147871136665344, 0.41281619668006897, 0.41158583760261536, 0.4123934507369995, 0.4120224714279175]}}